model,mae,rmse,r2_score,cv_rmse
Linear Regression,5.927809547620513,7.287670214180046,0.5704019158306443,7.151210217529858
Decision Tree Regressor,7.62,9.761147473529943,0.22929768862105926,8.800937090529569
Random Forest Regressor,5.6624,6.887289851603459,0.6163089806070656,6.553612926578483
Gradient Boosting Regressor,5.83749257867216,7.3016253338332495,0.5687550705492264,6.850967036269267
